{
  "seed": 42,
  "source": "evaluated_full_test_set",
  "groups": {
    "all": {
      "counseling": 6.510965986394558,
      "personalization": 5.233809523809524
    },
    "iid": {
      "counseling": 6.492380952380953,
      "personalization": 5.246666666666666
    },
    "noniid": {
      "counseling": 6.5189310009718175,
      "personalization": 5.22829931972789
    }
  },
  "per_client": {
    "0": {
      "counseling": 6.597142857142857,
      "personalization": 5.32,
      "n_samples": 50
    },
    "1": {
      "counseling": 6.405714285714287,
      "personalization": 5.2,
      "n_samples": 50
    },
    "2": {
      "counseling": 6.474285714285714,
      "personalization": 5.22,
      "n_samples": 50
    },
    "3": {
      "counseling": 6.597142857142858,
      "personalization": 5.24,
      "n_samples": 50
    },
    "4": {
      "counseling": 6.642857142857143,
      "personalization": 5.52,
      "n_samples": 50
    },
    "5": {
      "counseling": 6.274285714285715,
      "personalization": 5.06,
      "n_samples": 50
    },
    "6": {
      "counseling": 6.4353741496598635,
      "personalization": 5.238095238095238,
      "n_samples": 21
    },
    "7": {
      "counseling": 6.485714285714286,
      "personalization": 5.06,
      "n_samples": 50
    },
    "8": {
      "counseling": 6.68,
      "personalization": 5.34,
      "n_samples": 50
    },
    "9": {
      "counseling": 6.517142857142857,
      "personalization": 5.14,
      "n_samples": 50
    }
  }
}