{
  "setting": "ratio_1iid_9noniid",
  "method": "ha_duallora_half",
  "seed": 42,
  "groups": {
    "all": {
      "counseling": 7.248526077097504,
      "personalization": 6.1282539682539685
    },
    "iid": {
      "counseling": 6.942857142857142,
      "personalization": 5.74
    },
    "noniid": {
      "counseling": 7.286734693877549,
      "personalization": 6.176785714285715
    }
  },
  "efficiency": {
    "upload_mb": 35.192832000000045,
    "compute_time_s": 454.14037486058857,
    "peak_gpu_memory_mb": 16340.539501953124
  },
  "per_client": {
    "0": {
      "counseling": 6.942857142857142,
      "personalization": 5.74,
      "n_samples": 50
    },
    "1": {
      "counseling": 7.551428571428571,
      "personalization": 6.34,
      "n_samples": 50
    },
    "3": {
      "counseling": 7.445714285714286,
      "personalization": 6.42,
      "n_samples": 50
    },
    "4": {
      "counseling": 7.371428571428572,
      "personalization": 6.44,
      "n_samples": 50
    },
    "5": {
      "counseling": 7.062857142857142,
      "personalization": 5.96,
      "n_samples": 50
    },
    "6": {
      "counseling": 7.3,
      "personalization": 6.36,
      "n_samples": 50
    },
    "7": {
      "counseling": 7.217142857142856,
      "personalization": 6.12,
      "n_samples": 50
    },
    "8": {
      "counseling": 6.979591836734694,
      "personalization": 5.714285714285714,
      "n_samples": 35
    },
    "9": {
      "counseling": 7.365714285714286,
      "personalization": 6.06,
      "n_samples": 50
    }
  }
}