{
  "setting": "ha_sched",
  "seed": 42,
  "methods": {
    "ha_sched_m0.5": {
      "counseling": {
        "all": 7.248040816326531,
        "iid": 7.189523809523808,
        "noniid": 7.273119533527698
      },
      "personalization": {
        "all": 6.126666666666667,
        "iid": 6.04,
        "noniid": 6.163809523809524
      },
      "upload_mb": 35.19283200000006
    },
    "ha_sched_m1.5": {
      "counseling": {
        "all": 7.233510204081634,
        "iid": 7.133333333333333,
        "noniid": 7.276443148688046
      },
      "personalization": {
        "all": 6.132761904761905,
        "iid": 5.953333333333333,
        "noniid": 6.209659863945578
      },
      "upload_mb": 35.19283200000006
    },
    "ha_sched_m2.0": {
      "counseling": {
        "all": 7.266775510204082,
        "iid": 7.191428571428571,
        "noniid": 7.299067055393586
      },
      "personalization": {
        "all": 6.167238095238095,
        "iid": 6.033333333333334,
        "noniid": 6.224625850340137
      },
      "upload_mb": 35.19283200000006
    }
  }
}